alpha,beta,CL,CD,CS,CMy
1.02,0,0.2278625272194466,0.0490919571607997,-0.028991478200473,-0.0971304889257096
4.02,0,0.4610104802890269,0.0516566817024969,-0.06116291297791359,-0.177995425157634
7.02,0,0.6748642166054709,0.0643789856608573,-0.09170612013580448,-0.2399628564061313
10.02,0,0.8685945393341531,0.0841781647387978,-0.12014981939630065,-0.2873743657009342
13.02,0,1.042518829707241,0.1099699784207837,-0.14632493718395287,-0.3234126609849657
15.02,0,1.147266423064987,0.1293063892392999,-0.16260131332214534,-0.3422906659660041
17.02,0,1.248363457881334,0.1505397278170317,-0.17819835351371366,-0.3593648645427019
19.02,0,1.340909392696446,0.172443901716702,-0.19275273990602687,-0.3729793258363525
