alpha,CL,CD
-5,-0.114285714,0.0744
-4,-0.050793651,0.068
-2,0.082539683,0.0552
0,0.247619048,0.0512
2,0.4,0.052
3,0.46984127,0.0528
4,0.542857143,0.0576
6,0.685714286,0.0656
8,0.80952381,0.0776
9,0.873015873,0.0832
10,0.93015873,0.0928
12,1.047619048,0.1104
14,1.155555556,0.1296
16,1.250793651,0.1504
18,1.13015873,0.2024
20,1.146031746,0.2248
22,1.146031746,0.2252
24,1.158730159,0.2816
