alpha,beta,CL,CD,CS
13.02,0.0,1.049175234495937,0.1108439499820641,2.5243354512823105e-05
13.02,4.0,1.0343396181060318,0.1188194181264538,0.040520130466239486
13.02,8.0,0.9941161938410832,0.1412429431126459,0.07897220142516528
13.02,12.0,0.7945103258966532,0.2292754151113001,0.07171027635776697
