alpha,CL,CD
-5,-0.133333333,0.0728
-4,-0.066666667,0.0672
-2,0.073015873,0.0552
0,0.225396825,0.0496
2,0.384126984,0.052
3,0.46031746,0.0536
4,0.536507937,0.0576
6,0.673015873,0.0672
8,0.803174603,0.0792
9,0.873015873,0.0848
10,0.93015873,0.0944
12,1.041269841,0.112
14,1.146031746,0.1304
16,1.247619048,0.152
18,1.342857143,0.1744
20,0.933333333,0.288
22,0.895238095,0.3264
24,0.917460317,0.372
